-0,12 -0,09
-0,12 -0,08
-0,12 -2,80
-0,12 -3,09
-0,11 -0,07
-0,11 -0,06
-0,11 -2,49
-0,11 -2,49
-0,11 -2,48
-0,11 -0,05
-0,11 -2,31
-0,11 -2,47
-0,11 -2,30
-0,11 -2,79
-0,11 -2,46
-0,11 -2,79
-0,11 -2,29
-0,11 -2,46
-0,11 -2,28
-0,11 -2,78
-0,11 -2,45
-0,11 -2,28
-0,11 -2,44
-0,11 -2,77
-0,11 -2,27
-0,11 -2,43
-0,11 -2,77
-0,10 -2,26
-0,10 -2,76
-0,10 -2,43
-0,10 -2,25
-0,10 -2,75
-0,10 -2,42
-0,10 -2,25
-0,10 -2,74
-0,10 -2,41
-0,10 -2,32
-0,10 -2,24
-0,10 -2,74
-0,10 -2,40
-0,10 -2,88
-0,10 -2,82
-0,10 -0,07
-0,10 -2,23
-0,10 -2,40
-0,10 -2,88
-0,10 -2,22
-0,10 -2,39
-0,10 -2,22
-0,10 -2,38
-0,10 -2,21
-0,10 -2,38
-0,10 -2,31
-0,10 -2,81
-0,10 -2,87
-0,10 -2,20
-0,10 -2,37
-0,10 -2,86
-0,10 -2,20
-0,10 -2,36
-0,10 -3,10
-0,10 -2,85
-0,10 -2,19
-0,10 -2,35
-0,10 -2,85
-0,10 -2,35
-0,10 -2,84
-0,10 -2,34
-0,10 -2,83
-0,10 -2,33
-0,10 -2,82
-0,10 -2,91
-0,10 -0,04
-0,09 -2,90
-0,09 -2,73
-0,09 -2,89
-0,09 -2,72
-0,09 -0,11
-0,09 -2,05
-0,09 -2,71
-0,09 -2,18
-0,09 -2,17
-0,09 -2,17
-0,09 -0,12
-0,09 -0,10
-0,09 -0,10
-0,09 -2,63
-0,09 -2,71
-0,09 -2,62
-0,08 -2,70
-0,08 -2,69
-0,08 -2,93
-0,08 -2,68
-0,08 -2,93
-0,08 -2,92
-0,08 -2,91
-0,08 -2,66
-0,08 -2,63
-0,08 -2,65
-0,08 -2,00
-0,08 -0,18
-0,08 -1,95
-0,08 -0,18
-0,08 -1,99
-0,08 -2,65
-0,08 -2,50
-0,08 -1,94
-0,08 -0,17
-0,08 -1,98
-0,08 -0,03
-0,08 -1,94
-0,08 -0,16
-0,08 -1,97
-0,08 -0,02
-0,08 -0,16
-0,08 -1,97
-0,08 -0,15
-0,08 -1,96
-0,08 -2,56
-0,08 -0,14
-0,08 -2,56
-0,08 -0,13
-0,08 -2,68
-0,07 -2,55
-0,07 -0,13
-0,07 -2,61
-0,07 -2,54
-0,07 -2,61
-0,07 -2,04
-0,07 -2,64
-0,07 -3,09
-0,07 -2,53
-0,07 -3,07
-0,07 -2,60
-0,07 -2,03
-0,07 -3,08
-0,07 -2,53
-0,07 -3,06
-0,07 -2,59
-0,07 -2,03
-0,07 -2,52
-0,07 -3,06
-0,07 -2,67
-0,07 -2,58
-0,07 -2,02
-0,07 -2,51
-0,07 -3,05
-0,07 -3,10
-0,07 -2,58
-0,07 -2,01
-0,07 -2,57
-0,07 -2,00
-0,07 -3,12
-0,07 -2,16
-0,07 -3,11
-0,07 -2,15
-0,07 -2,14
-0,07 -2,05
-0,07 -2,14
-0,07 -3,01
-0,07 -1,93
-0,07 -3,00
-0,07 -1,92
-0,06 -1,92
-0,06 -2,95
-0,06 -1,91
-0,06 -3,04
-0,06 -1,90
-0,06 -0,22
-0,06 -3,03
-0,06 -2,97
-0,06 -0,21
-0,06 -1,89
-0,06 -2,13
-0,06 -2,96
-0,06 -0,21
-0,06 -1,89
-0,06 -2,11
-0,06 -2,12
-0,06 -0,20
-0,06 -1,88
-0,06 -0,02
-0,06 -2,11
-0,06 -0,19
-0,06 -1,87
-0,06 -2,10
-0,06 -1,86
-0,06 -3,00
-0,06 -2,09
-0,06 -1,86
-0,06 -2,99
-0,06 -3,03
-0,06 -2,98
-0,06 -3,02
-0,06 -2,97
-0,06 -1,79
-0,06 -1,78
-0,06 -1,77
-0,05 -2,08
-0,05 -1,71
-0,05 -2,07
-0,05 -1,70
-0,05 -2,08
-0,05 -1,69
-0,05 -1,69
-0,05 -1,85
-0,05 -1,68
-0,05 -1,71
-0,05 -1,84
-0,05 -1,67
-0,05 -1,83
-0,05 -2,94
-0,05 -1,66
-0,05 -1,77
-0,05 -1,83
-0,05 -1,72
-0,05 -1,66
-0,05 -1,76
-0,05 -1,82
-0,05 -1,59
-0,05 -1,65
-0,05 -1,75
-0,05 -1,81
-0,05 -1,58
-0,05 -1,30
-0,05 -1,64
-0,05 -1,75
-0,05 -1,62
-0,05 -1,80
-0,05 -1,58
-0,05 -1,30
-0,05 -1,74
-0,05 -1,61
-0,05 -1,80
-0,05 -1,57
-0,05 -1,29
-0,05 -1,73
-0,05 -2,06
-0,05 -1,56
-0,05 -1,28
-0,05 -1,60
-0,05 -1,27
-0,04 -0,24
-0,04 -1,27
-0,04 -1,63
-0,04 -0,24
-0,04 -0,01
-0,04 -1,26
-0,04 -0,23
-0,04 -0,00
-0,04 -1,63
-0,04 -0,71
-0,04 -1,31
-0,04 -1,60
-0,04 -1,25
-0,04 -1,41
-0,04 -1,24
-0,04 -1,41
-0,04 -1,24
-0,04 -1,40
-0,04 -1,23
-0,04 -1,39
-0,04 -1,22
-0,04 -1,55
-0,04 -1,38
-0,04 -1,22
-0,04 -1,55
-0,04 -1,38
-0,04 -1,15
-0,04 -1,21
-0,03 -1,37
-0,03 -1,54
-0,03 -1,20
-0,03 -1,36
-0,03 -1,53
-0,03 -3,13
-0,03 -1,19
-0,03 -0,97
-0,03 -1,36
-0,03 -1,52
-0,03 -1,13
-0,03 -1,19
-0,03 -0,96
-0,03 -1,35
-0,03 -1,52
-0,03 -1,18
-0,03 -0,95
-0,03 -1,34
-0,03 -1,51
-0,03 -1,17
-0,03 -0,94
-0,03 -1,33
-0,03 -1,50
-0,03 -1,16
-0,03 -0,94
-0,03 -1,33
-0,03 -1,49
-0,03 -1,44
-0,03 -1,16
-0,03 -0,93
-0,03 -1,32
-0,03 -1,49
-0,03 -1,43
-0,03 -0,92
-0,03 -1,48
-0,03 -1,42
-0,03 -0,91
-0,03 -1,47
-0,03 -0,83
-0,03 -0,91
-0,03 -1,47
-0,03 -0,82
-0,03 -0,90
-0,03 -0,65
-0,03 -1,46
-0,03 -1,14
-0,03 -0,81
-0,03 -0,89
-0,03 -1,01
-0,03 -0,64
-0,03 0,01
-0,03 -1,14
-0,03 -0,80
-0,03 -0,88
-0,03 -1,00
-0,03 -0,63
-0,03 -0,80
-0,03 -0,88
-0,03 -0,99
-0,03 -0,63
-0,03 -0,79
-0,03 -1,12
-0,03 -1,45
-0,03 -0,87
-0,03 -0,99
-0,02 -0,62
-0,02 -0,70
-0,02 -1,11
-0,02 -0,78
-0,02 -1,44
-0,02 -0,86
-0,02 -0,98
-0,02 -0,61
-0,02 -0,69
-0,02 -1,11
-0,02 -0,77
-0,02 -0,85
-0,02 -0,97
-0,02 -0,60
-0,02 -1,10
-0,02 -0,77
-0,02 -0,85
-0,02 -0,60
-0,02 -1,02
-0,02 -1,09
-0,02 -0,76
-0,02 -0,84
-0,02 -0,59
-0,02 -0,67
-0,02 -1,02
-0,02 -0,75
-0,02 -0,83
-0,02 -0,66
-0,02 -0,74
-0,02 -0,66
-0,02 -1,07
-0,02 -0,74
-0,02 -1,06
-0,02 -0,73
-0,02 -1,05
-0,02 -0,72
-0,02 -1,05
-0,02 -1,04
-0,02 -1,03
-0,01 -1,08
-0,01 -0,68
-0,01 -1,08
-0,01 -3,13
-0,01 -0,71
-0,01 -0,68
-0,01 -0,58
-0,01 -0,57
-0,01 -0,57
-0,01 -0,56
-0,01 -0,55
-0,01 -3,15
-0,01 -0,55
-0,01 -3,21
-0,00 -0,54
-0,00 -0,53
-0,00 -3,20
-0,00 -0,52
-0,00 -3,18
0,00 -3,20
0,00 -3,19
0,01 -3,18
0,01 -0,52
0,01 -3,17
0,01 -0,51
0,01 -0,50
0,01 -0,49
0,01 -0,46
0,01 -3,15
0,01 -0,49
0,01 -3,14
0,01 -0,48
0,01 -0,47
0,01 -0,46
0,01 -0,39
0,01 -0,38
0,01 -3,16
0,01 -0,33
0,01 -0,32
0,01 -0,45
0,02 -0,44
0,02 -0,43
0,02 -0,38
0,02 -0,43
0,02 -0,32
0,02 -0,37
0,02 -0,31
0,02 -0,42
0,02 -0,36
0,02 -0,30
0,02 -0,41
0,02 -0,35
0,02 -0,41
0,02 -0,30
0,02 -0,35
0,02 -0,29
0,02 -0,40
0,02 -0,25
0,02 -0,34
0,02 -0,28
0,02 -0,27
0,02 -0,27
0,02 -2,25
0,02 -0,26
0,04 -0,18
0,04 -0,17
0,04 -0,05
0,04 -0,18
0,04 -0,07
0,04 -0,06
0,04 -0,07
0,05 -0,09
0,05 -0,04
0,05 -0,22
0,05 -0,21
0,05 -0,21
0,05 -0,04
0,05 -0,20
0,05 -0,19
0,05 -0,08
0,05 -0,24
0,05 -0,24
0,05 -0,23
0,06 -0,10
0,06 -2,32
0,06 -2,32
0,06 -2,31
0,06 -2,30
0,06 -2,30
0,06 -2,29
0,06 -2,28
0,06 -0,16
0,06 -2,27
0,06 -0,16
0,07 -2,24
0,07 -2,24
0,07 -2,23
0,07 -0,11
0,07 -2,22
0,07 -2,18
0,07 -0,10
0,07 -2,21
0,07 -2,21
0,07 -2,20
0,07 -2,19
0,07 -2,27
0,07 -2,88
0,07 -2,26
0,07 -2,88
0,07 -2,83
0,07 -0,12
0,07 -2,87
0,07 -2,86
0,07 -2,25
0,07 -2,85
0,07 -2,85
0,08 -3,13
0,08 -2,84
0,08 -3,12
0,08 -3,12
0,08 -3,11
0,08 -0,15
0,08 -2,46
0,08 -2,43
0,08 -2,45
0,08 -2,47
0,08 -2,44
0,08 -2,44
0,08 -0,03
0,08 -3,10
0,08 -2,50
0,08 -0,13
0,08 -2,49
0,08 -2,48
0,08 -2,71
0,08 -2,47
0,08 -2,18
0,08 -2,17
0,08 -2,12
0,08 -2,16
0,08 -2,33
0,09 -2,72
0,09 -2,15
0,09 -2,15
0,09 -1,89
0,09 -0,14
0,09 -2,14
0,09 -1,88
0,09 -0,13
0,09 -2,13
0,09 -2,37
0,09 -1,87
0,09 -2,89
0,09 -2,13
0,09 -2,36
0,09 -2,36
0,09 -1,87
0,09 -2,35
0,09 -1,85
0,09 -1,86
0,09 -2,34
0,09 -0,02
0,09 -2,04
0,09 -2,03
0,09 -2,82
0,09 -2,93
0,09 -2,81
0,09 -2,93
0,09 -2,80
0,09 -3,09
0,09 -2,92
0,09 -2,79
0,09 -2,42
0,09 -3,08
0,09 -2,91
0,09 -2,79
0,10 -3,07
0,10 -2,90
0,10 -3,06
0,10 -2,90
0,10 0,01
0,10 -2,51
0,10 -2,55
0,10 -2,42
0,10 -2,50
0,10 -2,05
0,10 -2,41
0,10 -2,11
0,10 -2,40
0,10 -2,10
0,10 -2,39
0,10 -2,09
0,10 -2,55
0,10 -0,53
0,10 -2,54
0,10 -0,01
0,10 -0,52
0,10 -2,53
0,10 -1,91
0,10 -0,52
0,10 -2,52
0,10 -1,90
0,10 -0,51
0,10 -1,89
0,10 -2,52
0,10 -0,50
0,10 -2,39
0,10 -0,58
0,10 -0,49
0,10 -3,06
0,10 -2,38
0,10 -0,57
0,10 -0,49
0,10 -1,97
0,10 -0,56
0,10 -0,48
0,10 -2,96
0,11 -2,63
0,11 -1,96
0,11 -0,55
0,11 -0,47
0,11 -1,95
0,11 -0,55
0,11 -2,78
0,11 -1,95
0,11 -0,54
0,11 -1,94
0,11 -1,93
0,11 -1,81
0,11 -2,03
0,11 -2,59
0,11 -1,92
0,11 -1,80
0,11 -2,58
0,11 -2,02
0,11 -2,66
0,11 -1,92
0,11 -2,58
0,11 -2,01
0,11 -2,65
0,11 -2,57
0,11 -2,01
0,11 -2,56
0,11 -2,00
0,11 -3,05
0,11 -1,99
0,11 -0,01
0,11 -2,75
0,11 -3,04
0,11 -1,98
0,11 -2,09
0,11 -2,75
0,11 -1,98
0,11 -3,04
0,11 -2,62
0,11 -2,08
0,11 -2,74
0,11 -3,03
0,11 -2,60
0,11 -2,61
0,11 -2,07
0,11 -2,73
0,11 -3,02
0,11 -2,61
0,11 -2,06
0,11 -2,68
0,12 -2,06
0,12 -2,68
0,12 -2,65
0,12 -2,67
0,12 -2,82
0,12 -2,76
0,12 -2,96
0,12 -2,95
0,12 -2,94
0,12 -1,84
0,12 -1,84
0,12 -1,83
0,12 -1,82
0,12 -1,81
0,13 -1,40
0,13 -3,01
0,13 -1,73
0,13 -3,01
0,13 -3,00
0,13 -2,99
0,13 0,00
0,13 -1,41
0,13 -1,47
0,14 -2,77
0,14 -1,34
0,14 -1,44
0,14 -1,48
0,14 -1,43
0,14 -1,43
0,14 -1,42
0,14 -2,98
0,14 -2,98
0,14 -1,40
0,14 -1,39
0,14 -0,80
0,14 -1,38
0,14 -1,37
0,14 -1,77
0,14 -1,76
0,14 -1,37
0,14 -1,72
0,14 -1,76
0,14 -1,36
0,14 -1,75
0,14 -1,35
0,15 -0,75
0,15 -1,74
0,15 -0,68
0,15 -0,76
0,15 -1,73
0,15 -0,95
0,15 -0,60
0,15 -2,70
0,15 -1,34
0,15 -0,59
0,15 -0,73
0,15 -0,58
0,15 -0,72
0,15 -1,46
0,15 -1,79
0,15 -0,80
0,15 -0,71
0,15 -1,45
0,15 -1,79
0,15 -0,79
0,15 -1,45
0,15 -1,78
0,15 -0,78
0,15 -2,97
0,15 -0,77
0,15 -0,77
0,15 -1,02
0,15 -0,96
0,15 -1,01
0,15 -0,75
0,16 -1,01
0,16 -0,64
0,16 -0,63
0,16 -0,95
0,16 -0,63
0,16 -2,69
0,16 -0,62
0,16 -1,28
0,16 -0,85
0,16 -0,61
0,16 -0,70
0,16 -0,70
0,16 -1,00
0,16 -0,99
0,16 -0,98
0,16 -0,98
0,16 -0,67
0,16 -1,33
0,16 -0,97
0,16 -0,66
0,16 -0,66
0,16 -0,94
0,16 -1,31
0,16 -0,65
0,16 -1,71
0,16 -0,93
0,16 -1,31
0,16 -1,70
0,16 -1,30
0,16 -1,69
0,16 -1,29
0,17 -0,74
0,17 -1,68
0,17 -0,69
0,17 -1,28
0,17 -0,82
0,17 -2,70
0,17 -1,68
0,17 -0,92
0,17 -0,81
0,17 -0,61
0,17 -1,05
0,17 -1,04
0,17 -1,03
0,17 -1,03
0,17 -1,32
0,17 -1,67
0,17 -1,71
0,17 -0,89
0,17 -0,88
0,17 -0,90
0,17 -0,88
0,18 -0,87
0,18 -0,68
0,18 -0,86
0,18 -0,17
0,18 -0,15
0,18 -1,58
0,18 -0,91
0,18 -2,64
0,18 -2,92
0,18 -2,91
0,18 -1,26
0,18 -2,91
0,18 -1,25
0,18 -1,64
0,18 -2,90
0,18 -1,22
0,18 -1,24
0,18 -1,64
0,18 -2,89
0,18 -1,23
0,18 -0,16
0,19 -1,63
0,19 -2,88
0,19 -1,23
0,19 -1,62
0,19 -1,61
0,19 -1,61
0,19 -1,60
0,19 -1,59
0,19 -1,27
0,19 -0,17
0,19 -1,26
0,19 -1,66
0,19 -0,16
0,19 -1,65
0,19 -1,52
0,19 -1,51
0,19 -2,88
0,19 -1,51
0,19 -2,87
0,19 -1,50
0,19 -2,86
0,19 -1,49
0,19 -0,91
0,20 -2,86
0,20 -2,85
0,20 -0,84
0,20 -2,84
0,20 -0,84
0,20 -2,83
0,20 -0,19
0,20 -0,18
0,21 -2,33
0,21 -2,82
0,21 -1,56
0,21 -2,32
0,21 -1,55
0,21 -2,31
0,21 -1,54
0,21 -1,19
0,21 -1,54
0,21 -2,30
0,21 -1,18
0,21 -1,53
0,21 -1,18
0,21 -1,17
0,21 -0,83
0,21 -1,16
0,21 -1,21
0,21 -2,30
0,21 -1,20
0,21 -2,81
0,21 -1,57
0,21 -2,81
0,21 -1,56
0,21 -1,15
0,21 -2,80
0,22 -2,79
0,22 -1,48
0,22 -2,29
0,22 -2,78
0,22 -1,21
0,22 -2,78
0,22 -0,20
0,22 -0,19
0,22 -2,28
0,22 -1,12
0,22 -2,28
0,22 -2,77
0,23 -2,27
0,23 -2,76
0,23 -1,13
0,23 -2,26
0,23 -2,76
0,23 -2,25
0,23 -1,14
0,23 -0,04
0,23 -1,13
0,23 -0,00
0,23 -1,08
0,23 -2,24
0,23 -0,21
0,23 -1,11
0,23 -2,75
0,23 -1,07
0,23 -2,74
0,24 -2,74
0,24 -1,10
0,24 -2,23
0,24 -2,73
0,24 -1,10
0,24 -1,09
0,24 -1,08
0,24 -2,23
0,24 -2,72
0,24 -2,22
0,24 -2,21
0,25 -2,20
0,25 -0,22
0,25 -2,20
0,25 -2,19
0,25 -2,18
0,25 -2,71
0,25 -2,18
0,25 -2,16
0,25 -2,17
0,25 -2,70
0,25 -2,69
0,25 -2,69
0,25 -2,44
0,26 -2,43
0,26 -0,03
0,26 -2,36
0,26 -0,01
0,26 -2,35
0,26 -2,15
0,26 -2,34
0,26 -1,06
0,26 -2,68
0,26 -0,23
0,26 -2,67
0,26 -2,42
0,26 -0,02
0,27 -2,15
0,27 -2,14
0,27 -2,13
0,27 -2,12
0,27 -2,12
0,27 -1,85
0,27 -2,11
0,27 -2,10
0,27 -2,10
0,27 -2,48
0,27 -2,47
0,27 -2,67
0,27 -2,47
0,27 -2,46
0,27 -2,40
0,27 -2,45
0,27 -2,39
0,27 -2,44
0,27 -2,39
0,27 -2,09
0,27 -2,38
0,27 -2,37
0,27 -1,87
0,28 -1,87
0,28 -2,36
0,28 -1,86
0,28 -1,95
0,28 -2,66
0,28 -2,07
0,28 -0,24
0,28 -1,64
0,28 -2,63
0,28 -2,65
0,28 -2,33
0,29 -2,07
0,29 -2,64
0,29 -2,06
0,29 -2,64
0,29 -2,05
0,29 -2,05
0,29 -2,61
0,29 -2,03
0,29 -2,41
0,29 -2,41
0,29 -1,90
0,29 -0,25
0,29 -1,90
0,29 -1,89
0,29 -2,04
0,29 -2,62
0,29 -1,88
0,29 -1,95
0,29 -1,94
0,30 -0,53
0,30 -1,93
0,30 -1,92
0,30 -1,92
0,30 -1,91
0,30 -2,61
0,30 -1,56
0,31 -2,59
0,31 -2,03
0,31 -2,60
0,31 -2,02
0,31 -0,56
0,31 -2,01
0,31 -0,93
0,31 -0,56
0,31 -2,00
0,31 -2,00
0,31 -0,50
0,31 -0,98
0,31 -1,99
0,31 -1,84
0,31 -0,49
0,31 -1,83
0,31 -0,99
0,31 -1,82
0,31 -1,82
0,31 -2,59
0,31 -1,81
0,32 -1,80
0,32 -0,25
0,32 -1,34
0,32 -1,74
0,32 -1,73
0,32 -1,98
0,32 -1,97
0,32 -1,05
0,32 -1,05
0,32 -2,57
0,32 -1,04
0,32 -1,37
0,32 -1,03
0,32 -1,29
0,32 -1,33
0,32 -0,57
0,32 -0,94
0,32 -2,56
0,32 -0,53
0,32 -0,76
0,33 -0,48
0,33 -0,97
0,33 -0,04
0,33 -0,47
0,33 -0,96
0,33 -0,96
0,33 -0,95
0,33 -1,02
0,33 -1,35
0,33 -0,60
0,33 -0,93
0,33 -0,54
0,33 -1,96
0,33 -0,59
0,33 -0,26
0,33 -2,54
0,33 -0,46
0,33 -0,58
0,33 -1,32
0,33 -0,58
0,33 -1,32
0,33 -2,56
0,33 -1,78
0,33 -0,77
0,33 -1,31
0,33 -1,39
0,33 -2,55
0,33 -1,77
0,33 -1,30
0,33 -1,38
0,33 -1,77
0,33 -1,76
0,33 -1,75
0,33 -1,70
0,33 -1,28
0,33 -1,36
0,34 -1,74
0,34 -1,69
0,34 -0,69
0,34 -1,27
0,34 -1,68
0,34 -1,01
0,34 -1,67
0,34 -1,45
0,34 -1,01
0,34 -2,53
0,34 -1,67
0,34 -1,38
0,34 -1,79
0,34 -1,41
0,34 -0,02
0,34 -1,35
0,34 -1,41
0,34 -1,40
0,34 -0,51
0,34 -0,64
0,34 -2,54
0,34 -1,00
0,34 -1,29
0,34 -0,51
0,34 -0,45
0,34 -1,72
0,34 -0,45
0,34 -0,44
0,34 -1,26
0,34 -1,43
0,34 -1,26
0,34 -1,42
0,34 -1,25
0,35 -1,24
0,35 -1,24
0,35 -0,27
0,35 -0,80
0,35 -1,47
0,35 -0,79
0,35 -1,46
0,35 -0,88
0,35 -0,78
0,35 -0,55
0,35 -1,46
0,35 -0,75
0,35 -2,52
0,35 -0,74
0,35 -1,44
0,35 -2,51
0,35 -0,73
0,35 -1,44
0,35 -2,51
0,35 -0,89
0,35 -0,73
0,35 -0,68
0,35 -0,67
0,35 -0,63
0,35 -0,67
0,35 -0,62
0,35 -1,71
0,35 -0,61
0,35 -1,70
0,35 -0,82
0,35 -0,61
0,35 -0,81
0,36 -0,80
0,36 -1,63
0,36 -1,62
0,36 -1,23
0,36 -1,61
0,36 -1,48
0,36 -0,92
0,36 -1,61
0,36 -1,60
0,36 -0,43
0,36 -0,91
0,36 -0,42
0,36 -1,51
0,36 -0,88
0,36 -1,87
0,36 -1,50
0,36 -0,87
0,36 -1,86
0,36 -1,50
0,36 -0,86
0,36 -1,85
0,36 -0,28
0,37 -1,85
0,37 -1,49
0,37 -0,52
0,37 -2,50
0,37 -0,71
0,37 -2,49
0,37 -0,70
0,37 -0,64
0,37 -1,80
0,37 -1,52
0,37 -0,05
0,37 -0,72
0,37 -1,22
0,37 -0,76
0,37 -1,64
0,38 -0,41
0,38 -0,91
0,38 -0,90
0,38 -0,40
0,38 -0,85
0,38 -1,59
0,38 -0,40
0,38 -1,84
0,38 -0,84
0,38 -0,84
0,38 -1,53
0,38 -1,81
0,38 -1,81
0,39 -2,26
0,39 -2,25
0,39 -0,06
0,39 -0,83
0,39 -0,69
0,39 -2,24
0,39 -1,16
0,39 -0,39
0,40 -1,54
0,40 -1,53
0,40 -2,48
0,40 -1,58
0,40 -0,65
0,40 -1,56
0,40 -1,75
0,40 -1,55
0,40 -1,75
0,40 -1,55
0,40 -1,15
0,40 -1,74
0,40 -2,48
0,40 -1,73
0,41 -2,22
0,41 -2,47
0,41 -2,22
0,41 -2,42
0,41 -2,21
0,41 -1,21
0,41 -0,66
0,41 -2,32
0,41 -2,43
0,41 -2,20
0,41 -0,38
0,41 -1,21
0,41 -1,20
0,41 -2,19
0,41 -1,72
0,41 -1,72
0,42 -0,37
0,42 -1,19
0,42 -2,18
0,42 -1,18
0,42 -0,02
0,42 -2,46
0,42 -2,30
0,42 -2,45
0,42 -2,29
0,42 -2,45
0,42 -2,28
0,42 -2,44
0,42 -2,27
0,42 -0,57
0,42 -2,27
0,42 -0,36
0,42 -2,17
0,42 -1,18
0,42 -2,17
0,43 -1,17
0,43 -2,16
0,43 -2,39
0,43 -1,16
0,43 -1,66
0,43 -2,15
0,43 -1,65
0,43 -2,15
0,43 -1,64
0,43 -2,14
0,43 -0,36
0,43 -0,56
0,43 -1,14
0,43 -2,13
0,43 -0,55
0,43 -1,68
0,43 -1,67
0,43 -1,67
0,43 -1,90
0,43 -1,89
0,44 -2,38
0,44 -1,88
0,44 -2,38
0,44 -2,41
0,44 -1,88
0,44 -2,37
0,44 -0,55
0,44 -2,12
0,44 -2,41
0,44 -2,36
0,44 -2,11
0,44 -2,40
0,44 -2,23
0,44 -2,11
0,44 -0,30
0,44 -1,57
0,44 -2,31
0,44 -2,30
0,44 -1,13
0,44 -1,13
0,44 -0,54
0,44 -0,29
0,44 -0,53
0,45 -0,78
0,45 -2,10
0,45 -2,35
0,45 -2,35
0,45 -1,12
0,45 -2,34
0,45 -0,53
0,45 -2,33
0,45 -2,09
0,45 -0,32
0,45 -0,31
0,45 -1,60
0,45 -0,77
0,45 -1,59
0,45 -0,76
0,45 -1,84
0,45 -1,58
0,45 -2,08
0,45 -1,83
0,46 -1,58
0,46 -1,82
0,46 -1,11
0,46 -1,10
0,46 -0,51
0,46 -0,76
0,46 -0,51
0,46 -0,28
0,46 -0,75
0,46 -0,50
0,46 -2,24
0,46 -2,07
0,46 -0,33
0,46 -2,06
0,46 -2,06
0,47 -1,09
0,47 -2,04
0,47 -0,52
0,47 -2,05
0,47 -0,74
0,47 -0,49
0,47 -0,74
0,47 -1,56
0,47 -1,56
0,47 -1,55
0,47 -1,54
0,47 -2,04
0,47 -1,53
0,47 -0,73
0,47 -1,53
0,48 -1,77
0,48 -0,48
0,48 -1,52
0,48 -1,76
0,48 -1,08
0,48 -1,69
0,48 -1,08
0,48 -1,07
0,48 -1,06
0,48 -0,06
0,48 -1,06
0,48 -0,72
0,48 -1,05
0,48 -0,03
0,48 -2,03
0,48 -1,61
0,48 -2,02
0,48 -2,01
0,48 -0,02
0,48 -1,51
0,48 -2,01
0,48 -1,50
0,48 -2,00
0,48 -1,50
0,48 -1,99
0,49 -1,49
0,49 -1,98
0,49 -1,47
0,49 -0,48
0,49 -0,47
0,49 -0,46
0,49 -0,71
0,49 -1,04
0,49 -1,62
0,49 -0,70
0,49 -1,97
0,49 -1,48
0,49 -0,34
0,49 -0,58
0,49 -1,47
0,49 -1,96
0,49 -1,46
0,49 -1,71
0,50 -1,70
0,50 -1,70
0,50 -1,03
0,50 -1,02
0,50 -1,02
0,50 -1,01
0,50 -0,69
0,50 -1,00
0,50 -1,96
0,50 -1,62
0,50 -1,45
0,50 -1,95
0,50 -0,45
0,50 -1,45
0,50 -1,94
0,50 -1,93
0,50 -1,44
0,51 -1,93
0,51 -0,68
0,51 -0,35
0,51 -1,92
0,51 -0,44
0,51 -0,59
0,51 -0,59
0,51 -1,43
0,51 -0,68
0,51 -1,91
0,51 -0,67
0,51 -2,32
0,51 -0,38
0,51 -0,99
0,52 -0,98
0,52 -0,81
0,52 -0,97
0,52 -0,80
0,52 -0,97
0,52 -0,80
0,52 -0,30
0,52 -0,79
0,52 -0,07
0,52 -0,27
0,52 -1,42
0,52 -1,41
0,52 -1,90
0,52 -1,41
0,52 -0,66
0,52 -1,90
0,52 -1,40
0,52 -0,65
0,52 -0,65
0,52 -0,43
0,52 -2,32
0,52 -0,96
0,53 -0,95
0,53 -1,39
0,53 -1,89
0,53 -2,31
0,53 -1,88
0,53 -2,30
0,53 -0,64
0,53 -1,88
0,53 -1,38
0,53 -0,63
0,53 -1,87
0,53 -0,62
0,53 -1,86
0,53 -0,94
0,53 -1,85
0,53 -0,94
0,53 -0,93
0,53 -0,82
0,54 -0,43
0,54 -0,92
0,54 -1,64
0,54 -0,42
0,54 -2,29
0,54 -2,29
0,54 -1,37
0,54 -0,41
0,54 -2,28
0,54 -1,37
0,54 -0,62
0,54 -2,27
0,54 -1,36
0,54 -2,26
0,54 -0,26
0,54 -1,35
0,54 -2,26
0,54 -1,34
0,54 -1,34
0,54 -1,63
0,54 -0,91
0,54 -1,33
0,54 -0,91
0,54 -1,85
0,54 -1,31
0,55 -1,32
0,55 -0,27
0,55 -1,83
0,55 -1,83
0,55 -0,25
0,55 -1,82
0,55 -1,81
0,55 -0,90
0,55 -0,61
0,55 -0,40
0,55 -0,89
0,55 -2,25
0,56 -0,34
0,56 -2,24
0,56 -2,23
0,56 -2,22
0,56 -1,81
0,56 -1,31
0,56 -1,80
0,56 -1,30
0,56 -0,89
0,56 -0,03
0,56 -1,79
0,56 -1,29
0,56 -1,78
0,56 -1,29
0,56 -1,78
0,56 -0,60
0,57 -1,28
0,57 -2,21
0,57 -0,88
0,57 -0,87
0,57 -0,24
0,57 -0,86
0,57 -1,77
0,57 -1,76
0,57 -1,75
0,57 -2,21
0,57 -1,75
0,58 -0,86
0,58 -1,26
0,58 -1,26
0,58 -0,59
0,58 -1,25
0,58 -0,58
0,58 -1,74
0,58 -1,24
0,58 -1,73
0,58 -1,73
0,58 -1,71
0,58 -2,20
0,58 -2,19
0,58 -2,19
0,59 -2,18
0,59 -0,85
0,59 -1,72
0,59 -0,23
0,59 -0,39
0,59 -0,84
0,59 -0,83
0,59 -0,83
0,59 -0,58
0,59 -1,23
0,59 -1,70
0,59 -1,70
0,59 -1,69
0,59 -1,68
0,59 -1,67
0,59 -2,17
0,60 -0,57
0,60 -1,23
0,60 -1,22
0,60 -0,22
0,60 -1,21
0,60 -0,56
0,60 -1,21
0,60 -1,67
0,60 -2,16
0,60 -2,15
0,60 -0,82
0,60 -2,14
0,60 -0,81
0,61 -1,20
0,61 -0,36
0,61 -0,37
0,61 -0,81
0,61 -0,55
0,61 -0,80
0,61 -0,79
0,61 -1,19
0,61 -1,19
0,62 -0,35
0,62 -1,18
0,62 -0,38
0,62 -0,54
0,62 -0,07
0,62 -0,02
0,62 -2,13
0,62 -1,17
0,62 -2,13
0,62 -2,12
0,62 -0,21
0,62 -2,11
0,62 -0,78
0,62 -0,78
0,62 -0,77
0,62 -1,66
0,63 -0,54
0,63 -0,53
0,63 -2,10
0,63 -1,16
0,63 -1,15
0,63 -1,14
0,63 -0,07
0,63 -1,14
0,63 -1,13
0,64 -1,12
0,64 -2,09
0,64 -2,09
0,64 -1,59
0,64 -0,76
0,64 -2,08
0,64 -2,07
0,64 -1,57
0,64 -0,75
0,64 -1,58
0,64 -2,06
0,64 -1,11
0,64 -1,11
0,64 -0,52
0,65 -0,34
0,65 -0,33
0,65 -0,03
0,65 -0,20
0,65 -1,10
0,65 -1,09
0,65 -1,08
0,65 -1,57
0,65 -0,74
0,66 -1,56
0,66 -0,73
0,66 -2,05
0,66 -1,55
0,66 -0,72
0,66 -2,05
0,66 -1,55
0,66 -0,39
0,66 -1,08
0,66 -1,54
0,66 -1,65
0,66 -0,52
0,66 -1,64
0,66 -0,51
0,66 -2,04
0,67 -0,33
0,67 -1,07
0,67 -1,60
0,67 -0,72
0,67 -0,71
0,67 -2,03
0,67 -1,63
0,67 -0,70
0,67 -2,02
0,67 -1,53
0,67 -1,06
0,67 -0,69
0,67 -1,52
0,67 -2,01
0,67 -1,51
0,67 -0,19
0,67 -0,51
0,67 -1,50
0,67 -1,61
0,68 -0,50
0,68 -1,63
0,68 -0,49
0,68 -0,69
0,68 -1,49
0,69 -1,05
0,69 -0,32
0,69 -1,04
0,69 -1,60
0,69 -1,04
0,69 -1,03
0,69 -0,04
0,69 -0,68
0,69 -2,00
0,69 -0,18
0,69 -2,00
0,69 -1,99
0,69 -0,66
0,69 -1,49
0,69 -1,98
0,69 -1,48
0,69 -1,98
0,69 -1,47
0,69 -0,48
0,69 -1,97
0,69 -0,31
0,69 -1,47
0,69 -0,47
0,69 -0,67
0,70 -1,02
0,70 -1,62
0,70 -1,01
0,70 -1,46
0,70 -1,96
0,70 -1,01
0,70 -1,00
0,71 -0,48
0,71 -0,46
0,71 -1,95
0,71 -0,66
0,71 -0,99
0,71 -1,94
0,71 -1,44
0,71 -1,94
0,71 -1,44
0,71 -1,93
0,71 -1,43
0,71 -0,30
0,71 -0,17
0,71 -1,92
0,72 -0,45
0,72 -1,42
0,72 -0,09
0,72 -0,98
0,72 -0,98
0,72 -0,65
0,72 -0,64
0,72 -0,97
0,72 -0,08
0,72 -0,45
0,73 -1,41
0,73 -1,91
0,73 -1,41
0,73 -1,90
0,73 -1,89
0,73 -0,63
0,73 -0,29
0,74 -1,40
0,74 -1,89
0,74 -0,96
0,74 -0,95
0,74 -0,95
0,74 -0,94
0,74 -0,03
0,74 -0,08
0,74 -0,62
0,74 -0,16
0,74 -1,39
0,74 -1,39
0,74 -1,88
0,74 -1,38
0,75 -1,37
0,75 -1,86
0,75 -1,36
0,75 -0,40
0,75 -1,87
0,75 -1,36
0,75 -0,40
0,75 -0,62
0,75 -1,86
0,76 -0,93
0,76 -0,61
0,76 -0,41
0,76 -0,92
0,76 -1,85
0,76 -1,35
0,76 -1,84
0,76 -1,34
0,76 -0,28
0,76 -1,84
0,76 -1,34
0,76 -1,33
0,77 -0,44
0,77 -1,83
0,77 -1,32
0,77 -0,60
0,77 -0,59
0,77 -0,91
0,77 -1,31
0,78 -1,82
0,78 -1,81
0,78 -1,80
0,78 -1,30
0,78 -1,79
0,78 -1,29
0,78 -0,60
0,78 -0,16
0,78 -0,43
0,79 -1,29
0,79 -0,58
0,79 -0,91
0,79 -0,90
0,79 -0,89
0,79 -0,42
0,79 -0,88
0,79 -0,88
0,79 -1,79
0,79 -0,27
0,80 -1,78
0,80 -1,28
0,80 -1,77
0,80 -1,77
0,80 -1,76
0,80 -1,74
0,80 -1,27
0,80 -1,75
0,80 -0,42
0,80 -0,87
0,80 -0,58
0,80 -0,86
0,81 -0,86
0,81 -1,26
0,81 -0,26
0,81 -1,74
0,81 -0,02
0,81 -0,38
0,81 -1,25
0,81 -1,58
0,82 -1,25
0,82 -1,24
0,82 -1,73
0,82 -0,57
0,82 -1,72
0,82 -0,56
0,82 -0,55
0,82 -1,71
0,82 -0,85
0,82 -0,84
0,82 -0,83
0,82 -1,23
0,82 -0,15
0,83 -0,38
0,83 -1,61
0,83 -1,57
0,83 -1,22
0,83 -1,22
0,83 -0,54
0,83 -1,70
0,83 -0,54
0,83 -1,69
0,84 -1,21
0,84 -0,26
0,84 -0,37
0,84 -0,83
0,84 -1,69
0,84 -0,82
0,84 -0,04
0,84 -1,60
0,85 -0,81
0,85 -1,20
0,85 -1,19
0,85 -0,53
0,85 -1,19
0,85 -1,68
0,85 -0,35
0,85 -1,60
0,85 -1,18
0,85 -0,52
0,85 -1,67
0,85 -0,80
0,86 -0,79
0,86 -0,07
0,86 -0,35
0,86 -1,17
0,86 -0,80
0,86 -1,66
0,86 -0,24
0,86 -0,42
0,87 -0,34
0,87 -1,16
0,87 -1,65
0,87 -1,16
0,87 -1,65
0,87 -1,59
0,87 -0,08
0,87 -1,63
0,87 -0,51
0,87 -0,78
0,87 -1,15
0,87 -1,64
0,87 -0,77
0,88 -0,14
0,88 -0,03
0,88 -0,50
0,88 -0,49
0,88 -1,13
0,88 -1,57
0,88 -1,63
0,89 -0,33
0,89 -0,76
0,89 -0,76
0,89 -1,62
0,89 -1,56
0,89 -0,24
0,89 -1,55
0,89 -1,13
0,90 -0,48
0,90 -1,14
0,90 -1,54
0,90 -1,11
0,90 -0,77
0,90 -0,75
0,90 -1,12
0,90 -0,32
0,90 -1,53
0,91 -0,74
0,91 -0,23
0,91 -0,49
0,92 -1,11
0,92 -1,10
0,92 -1,09
0,92 -1,08
0,92 -0,47
0,92 -1,53
0,92 -0,73
0,93 -0,22
0,93 -1,52
0,93 -0,32
0,93 -1,07
0,93 -1,07
0,93 -1,06
0,93 -0,72
0,94 -0,13
0,94 -1,51
0,95 -1,50
0,95 -1,08
0,95 -0,73
0,95 -0,46
0,95 -1,05
0,95 -0,72
0,95 -1,04
0,95 -0,08
0,95 -1,03
0,95 -0,41
0,95 -0,42
0,95 -1,50
0,95 -0,71
0,96 -0,31
0,96 -0,46
0,96 -1,48
0,96 -1,05
0,96 -0,31
0,97 -0,70
0,97 -0,45
0,97 -1,02
0,97 -1,49
0,97 -0,69
0,97 -1,01
0,97 -1,47
0,97 -0,22
0,97 -0,30
0,97 -1,46
0,98 -0,21
0,98 -0,44
0,98 -1,44
0,98 -0,68
0,98 -0,67
0,98 -1,00
0,98 -0,99
0,99 -1,47
0,99 -0,13
0,99 -0,29
0,99 -0,99
0,99 -0,04
0,99 -0,67
0,99 -0,43
1,00 -0,09
1,00 -0,69
1,00 -1,45
1,00 -0,98
1,00 -0,98
1,00 -0,66
1,00 -0,97
1,01 -0,42
1,01 -1,44
1,01 -0,03
1,02 -0,65
1,02 -1,43
1,02 -0,95
1,02 -1,42
1,03 -0,28
1,03 -0,41
1,03 -1,41
1,03 -0,64
1,03 -0,20
1,03 -0,95
1,03 -0,94
1,03 -0,63
1,04 -1,40
1,04 -0,03
1,04 -1,40
1,05 -1,38
1,05 -0,63
1,05 -0,62
1,05 -0,93
1,05 -1,39
1,05 -0,92
1,05 -0,91
1,05 -0,12
1,05 -1,37
1,06 -0,40
1,07 -0,61
1,07 -0,90
1,08 -0,19
1,08 -0,28
1,08 -0,91
1,08 -0,89
1,08 -0,60
1,08 -1,37
1,08 -0,11
1,08 -0,88
1,09 -0,39
1,10 -1,36
1,10 -0,87
1,10 -0,87
1,10 -0,86
1,10 -0,42
1,10 -0,59
1,10 -1,34
1,11 -0,85
1,11 -1,35
1,11 -0,09
1,11 -1,35
1,12 -1,33
1,12 -0,84
1,13 -0,58
1,13 -1,30
1,13 -0,84
1,13 -0,83
1,13 -0,18
1,13 -0,27
1,13 -1,31
1,13 -0,82
1,14 -0,11
1,14 -1,32
1,14 -1,30
1,14 -1,22
1,15 -0,41
1,15 -0,81
1,15 -0,80
1,15 -0,09
1,15 -0,57
1,16 -0,03
1,16 -0,04
1,16 -1,26
1,16 -1,20
1,16 -0,79
1,16 -1,24
1,16 -1,29
1,16 -0,79
1,17 -1,27
1,17 -1,28
1,17 -0,78
1,17 -1,19
1,17 -0,56
1,17 -1,23
1,17 -0,26
1,17 -1,25
1,17 -1,22
1,18 -0,38
1,18 -0,36
1,18 -0,77
1,18 -0,77
1,19 -1,18
1,19 -1,17
1,19 -0,18
1,19 -1,32
1,19 -0,55
1,20 -0,76
1,20 -0,54
1,20 -0,53
1,20 -0,03
1,20 -0,75
1,20 -1,17
1,20 -1,16
1,21 -1,26
1,21 -0,74
1,21 -0,38
1,21 -1,21
1,22 -0,52
1,22 -1,15
1,22 -1,14
1,22 -0,40
1,22 -0,35
1,23 -0,25
1,23 -0,74
1,23 -0,04
1,24 -1,14
1,24 -1,13
1,24 -1,12
1,24 -1,12
1,25 -0,52
1,25 -0,35
1,25 -0,51
1,25 -0,39
1,25 -0,72
1,25 -1,10
1,26 -1,11
1,26 -0,10
1,26 -0,73
1,26 -0,72
1,26 -1,19
1,26 -0,25
1,27 -0,50
1,27 -0,17
1,27 -1,25
1,27 -1,24
1,27 -1,09
1,27 -0,71
1,28 -0,70
1,28 -1,24
1,28 -0,34
1,28 -1,08
1,29 -1,07
1,29 -1,07
1,29 -0,09
1,29 -0,69
1,29 -1,23
1,30 -0,10
1,30 -0,24
1,30 -1,06
1,30 -1,22
1,30 -1,21
1,30 -1,05
1,31 -0,33
1,31 -0,68
1,31 -0,49
1,32 -1,04
1,32 -1,04
1,32 -1,03
1,32 -0,16
1,33 -1,20
1,33 -0,04
1,33 -0,67
1,33 -0,05
1,33 -0,09
1,33 -1,02
1,33 -0,32
1,33 -1,01
1,34 -0,68
1,34 -0,67
1,34 -0,66
1,34 -0,02
1,35 -0,39
1,35 -1,20
1,35 -1,19
1,35 -1,00
1,35 -0,48
1,35 -0,40
1,36 -0,65
1,36 -0,99
1,36 -0,03
1,36 -1,19
1,36 -1,18
1,36 -1,01
1,37 -0,99
1,37 -0,32
1,37 -0,64
1,37 -1,17
1,37 -0,98
1,38 -0,48
1,38 -0,31
1,38 -1,15
1,38 -0,65
1,38 -0,96
1,38 -0,96
1,38 -1,16
1,39 -0,63
1,40 -1,14
1,40 -0,97
1,40 -0,47
1,40 -0,63
1,40 -0,95
1,40 -0,23
1,40 -0,93
1,40 -1,13
1,40 -0,62
1,40 -0,94
1,40 -0,10
1,41 -0,30
1,42 -0,93
1,42 -1,12
1,42 -0,92
1,42 -0,46
1,42 -0,61
1,43 -1,11
1,43 -1,11
1,43 -0,91
1,44 -0,15
1,44 -0,60
1,44 -0,30
1,44 -1,10
1,45 -1,09
1,45 -0,46
1,45 -0,90
1,45 -0,89
1,45 -0,22
1,46 -0,45
1,46 -0,04
1,46 -0,89
1,46 -0,88
1,46 -0,87
1,47 -0,59
1,47 -0,41
1,48 -1,08
1,48 -0,23
1,48 -0,44
1,48 -0,86
1,48 -0,16
1,49 -0,42
1,49 -0,09
1,49 -0,41
1,49 -0,43
1,50 -0,86
1,50 -0,58
1,51 -1,07
1,51 -0,85
1,51 -0,42
1,52 -0,57
1,52 -0,03
1,53 -0,29
1,53 -0,85
1,53 -0,04
1,53 -1,06
1,53 -0,84
1,54 -0,82
1,54 -0,57
1,55 -0,15
1,55 -0,56
1,55 -0,22
1,56 -0,83
1,56 -0,82
1,57 -1,06
1,57 -0,28
1,57 -0,55
1,58 -0,41
1,58 -0,54
1,58 -0,81
1,58 -1,05
1,59 -0,21
1,60 -0,54
1,60 -1,03
1,60 -0,09
1,60 -1,04
1,60 -0,80
1,60 -0,39
1,61 -0,04
1,61 -0,14
1,62 -1,02
1,62 -0,40
1,62 -0,53
1,62 -0,79
1,63 -0,52
1,63 -1,01
1,63 -0,78
1,64 -0,77
1,64 -0,08
1,64 -1,00
1,65 -0,51
1,65 -0,76
1,66 -0,50
1,67 -0,75
1,68 -0,27
1,68 -0,74
1,69 -0,04
1,69 -0,03
1,70 -0,75
1,70 -0,74
1,70 -0,50
1,70 -0,20
1,71 -1,00
1,71 -0,73
1,71 -0,05
1,72 -0,14
1,73 -0,99
1,73 -0,72
1,73 -0,49
1,73 -0,38
1,74 -0,39
1,74 -0,71
1,74 -0,20
1,74 -0,37
1,75 -0,14
1,76 -0,48
1,76 -0,71
1,76 -0,39
1,77 -0,70
1,79 -0,47
1,79 -0,69
1,79 -0,36
1,80 -0,98
1,80 -0,09
1,80 -0,08
1,80 -0,26
1,80 -0,68
1,81 -0,96
1,82 -0,97
1,82 -0,46
1,82 -0,27
1,82 -0,35
1,82 -0,68
1,83 -0,96
1,84 -0,67
1,84 -0,94
1,85 -0,45
1,85 -0,26
1,85 -0,04
1,85 -0,66
1,85 -0,03
1,85 -0,20
1,85 -0,13
1,86 -0,94
1,86 -0,93
1,86 -0,34
1,87 -0,66
1,87 -0,65
1,87 -0,45
1,87 -0,44
1,87 -0,92
1,88 -0,64
1,88 -0,07
1,89 -0,09
1,89 -0,34
1,89 -0,19
1,89 -0,91
1,90 -0,64
1,90 -0,43
1,90 -0,09
1,90 -0,91
1,90 -0,63
1,91 -0,90
1,92 -0,38
1,92 -0,89
1,92 -0,39
1,92 -0,62
1,92 -0,36
1,92 -0,37
1,93 -0,88
1,94 -0,61
1,94 -0,60
1,94 -0,42
1,95 -0,25
1,95 -0,89
1,95 -0,87
1,96 -0,12
1,96 -0,60
1,96 -0,88
1,97 -0,19
1,97 -0,08
1,97 -0,86
1,97 -0,33
1,98 -0,59
1,98 -0,87
1,98 -0,85
1,98 -0,42
2,00 -0,58
2,00 -0,84
2,01 -0,04
2,01 -0,04
2,01 -0,32
2,01 -0,13
2,01 -0,03
2,02 -0,41
2,02 -0,07
2,02 -0,57
2,03 -0,83
2,03 -0,18
2,03 -0,38
2,04 -0,56
2,04 -0,82
2,04 -0,40
2,04 -0,12
2,05 -0,25
2,05 -0,05
2,06 -0,83
2,06 -0,81
2,06 -0,56
2,07 -0,55
2,07 -0,25
2,07 -0,82
2,07 -0,80
2,08 -0,39
2,08 -0,39
2,09 -0,24
2,09 -0,81
2,09 -0,79
2,09 -0,38
2,10 -0,78
2,11 -0,32
2,11 -0,54
2,12 -0,78
2,12 -0,08
2,12 -0,77
2,13 -0,32
2,14 -0,17
2,15 -0,09
2,15 -0,76
2,16 -0,53
2,17 -0,24
2,17 -0,12
2,17 -0,04
2,18 -0,11
2,18 -0,18
2,18 -0,04
2,19 -0,07
2,19 -0,75
2,19 -0,53
2,20 -0,37
2,20 -0,31
2,22 -0,74
2,22 -0,23
2,23 -0,09
2,23 -0,52
2,24 -0,73
2,25 -0,51
2,26 -0,73
2,26 -0,30
2,26 -0,50
2,26 -0,08
2,27 -0,72
2,27 -0,71
2,27 -0,37
2,28 -0,38
2,28 -0,70
2,28 -0,30
2,29 -0,16
2,29 -0,70
2,30 -0,49
2,30 -0,16
2,30 -0,17
2,32 -0,12
2,33 -0,05
2,33 -0,04
2,33 -0,03
2,34 -0,23
2,34 -0,07
2,35 -0,69
2,35 -0,36
2,36 -0,49
2,37 -0,12
2,38 -0,17
2,38 -0,68
2,39 -0,38
2,40 -0,08
2,40 -0,07
2,42 -0,29
2,42 -0,48
2,42 -0,37
2,42 -0,11
2,42 -0,67
2,42 -0,22
2,43 -0,22
2,44 -0,29
2,44 -0,36
2,45 -0,16
2,47 -0,05
2,47 -0,67
2,48 -0,05
2,48 -0,47
2,49 -0,04
2,49 -0,03
2,50 -0,35
2,50 -0,46
2,51 -0,66
2,51 -0,13
2,51 -0,12
2,52 -0,09
2,53 -0,08
2,53 -0,21
2,53 -0,07
2,53 -0,16
2,54 -0,66
2,54 -0,38
2,54 -0,46
2,55 -0,30
2,56 -0,06
2,56 -0,45
2,57 -0,65
2,57 -0,37
2,57 -0,44
2,58 -0,17
2,59 -0,29
2,60 -0,43
2,60 -0,64
2,60 -0,36
2,61 -0,21
2,61 -0,17
2,61 -0,43
2,61 -0,11
2,62 -0,35
2,62 -0,63
2,63 -0,21
2,63 -0,03
2,64 -0,12
2,64 -0,36
2,64 -0,05
2,65 -0,05
2,65 -0,03
2,65 -0,04
2,66 -0,42
2,66 -0,34
2,67 -0,62
2,68 -0,15
2,68 -0,35
2,68 -0,29
2,69 -0,33
2,69 -0,15
2,70 -0,07
2,70 -0,41
2,71 -0,61
2,71 -0,28
2,72 -0,06
2,72 -0,20
2,72 -0,41
2,74 -0,60
2,74 -0,08
2,74 -0,10
2,76 -0,16
2,78 -0,08
2,78 -0,11
2,79 -0,59
2,79 -0,15
2,80 -0,40
2,80 -0,35
2,81 -0,04
2,81 -0,32
2,81 -0,39
2,81 -0,31
2,82 -0,05
2,82 -0,27
2,82 -0,59
2,83 -0,34
2,84 -0,32
2,84 -0,15
2,85 -0,31
2,85 -0,06
2,86 -0,09
2,86 -0,38
2,86 -0,03
2,87 -0,33
2,87 -0,07
2,87 -0,28
2,88 -0,20
2,88 -0,20
2,89 -0,58
2,89 -0,08
2,90 -0,10
2,92 -0,57
2,92 -0,05
2,92 -0,16
2,92 -0,21
2,94 -0,38
2,94 -0,34
2,95 -0,28
2,96 -0,56
2,96 -0,11
2,96 -0,37
2,97 -0,27
2,97 -0,15
2,98 -0,04
2,98 -0,33
2,98 -0,07
3,00 -0,55
3,00 -0,04
3,01 -0,32
3,02 -0,37
3,02 -0,54
3,02 -0,21
3,04 -0,53
3,04 -0,07
3,05 -0,52
3,06 -0,15
3,07 -0,53
3,07 -0,51
3,07 -0,36
3,08 -0,20
3,08 -0,10
3,08 -0,26
3,08 -0,06
3,08 -0,33
3,09 -0,10
3,10 -0,51
3,11 -0,19
3,12 -0,32
3,13 -0,50
3,14 -0,03
3,14 -0,32
3,15 -0,26
3,16 -0,04
3,17 -0,49
3,17 -0,27
3,17 -0,08
3,17 -0,05
3,19 -0,30
3,19 -0,15
3,19 -0,36
3,20 -0,48
3,20 -0,06
3,21 -0,36
3,21 -0,07
3,21 -0,35
3,22 -0,14
3,23 -0,20
3,24 -0,26
3,24 -0,09
3,25 -0,30
3,26 -0,10
3,28 -0,11
3,28 -0,46
3,28 -0,25
3,28 -0,19
3,29 -0,29
3,29 -0,19
3,30 -0,46
3,30 -0,30
3,31 -0,28
3,32 -0,06
3,32 -0,04
3,32 -0,16
3,32 -0,03
3,32 -0,35
3,34 -0,08
3,34 -0,30
3,34 -0,45
3,35 -0,34
3,36 -0,08
3,36 -0,15
3,37 -0,19
3,37 -0,07
3,38 -0,46
3,38 -0,28
3,39 -0,24
3,40 -0,33
3,40 -0,09
3,41 -0,45
3,41 -0,45
3,41 -0,44
3,42 -0,43
3,43 -0,42
3,43 -0,06
3,45 -0,14
3,45 -0,04
3,45 -0,29
3,45 -0,06
3,46 -0,18
3,46 -0,42
3,48 -0,04
3,48 -0,03
3,48 -0,32
3,48 -0,19
3,49 -0,09
3,49 -0,27
3,49 -0,24
3,50 -0,41
3,51 -0,07
3,52 -0,27
3,52 -0,08
3,54 -0,26
3,54 -0,28
3,54 -0,10
3,55 -0,14
3,55 -0,40
3,56 -0,19
3,57 -0,23
3,57 -0,32
3,58 -0,03
3,59 -0,14
3,59 -0,30
3,60 -0,29
3,60 -0,09
3,61 -0,06
3,61 -0,31
3,61 -0,39
3,61 -0,18
3,63 -0,08
3,64 -0,06
3,64 -0,17
3,65 -0,03
3,65 -0,39
3,68 -0,08
3,68 -0,04
3,68 -0,38
3,68 -0,09
3,69 -0,28
3,69 -0,24
3,70 -0,30
3,72 -0,14
3,73 -0,38
3,73 -0,29
3,73 -0,12
3,74 -0,07
3,74 -0,23
3,76 -0,27
3,76 -0,06
3,76 -0,13
3,78 -0,30
3,79 -0,08
3,79 -0,17
3,79 -0,18
3,79 -0,06
3,80 -0,03
3,81 -0,04
3,82 -0,30
3,82 -0,08
3,82 -0,27
3,83 -0,04
3,85 -0,37
3,85 -0,14
3,86 -0,28
3,87 -0,26
3,87 -0,25
3,87 -0,29
3,88 -0,23
3,89 -0,14
3,89 -0,23
3,91 -0,36
3,91 -0,07
3,92 -0,18
3,92 -0,27
3,93 -0,09
3,93 -0,09
3,93 -0,18
3,94 -0,13
3,96 -0,06
3,96 -0,04
3,96 -0,03
3,97 -0,17
3,99 -0,26
4,00 -0,27
4,00 -0,04
4,01 -0,28
4,01 -0,35
4,01 -0,08
4,01 -0,35
4,02 -0,06
4,04 -0,24
4,04 -0,25
4,05 -0,17
4,05 -0,23
4,05 -0,25
4,05 -0,12
4,07 -0,13
4,09 -0,08
4,10 -0,24
4,11 -0,36
4,11 -0,07
4,11 -0,03
4,12 -0,26
4,13 -0,17
4,13 -0,04
4,14 -0,06
4,15 -0,13
4,15 -0,18
4,16 -0,13
4,17 -0,08
4,17 -0,05
4,18 -0,35
4,18 -0,22
4,19 -0,25
4,20 -0,24
4,21 -0,23
4,22 -0,06
4,23 -0,35
4,26 -0,07
4,26 -0,34
4,26 -0,36
4,27 -0,16
4,27 -0,12
4,27 -0,04
4,27 -0,25
4,29 -0,26
4,29 -0,03
4,30 -0,24
4,30 -0,35
4,30 -0,16
4,31 -0,27
4,31 -0,13
4,31 -0,08
4,31 -0,05
4,32 -0,35
4,32 -0,23
4,33 -0,03
4,34 -0,28
4,35 -0,34
4,35 -0,27
4,35 -0,16
4,37 -0,05
4,37 -0,06
4,37 -0,22
4,38 -0,33
4,38 -0,07
4,40 -0,25
4,41 -0,22
4,41 -0,12
4,42 -0,33
4,43 -0,26
4,44 -0,15
4,44 -0,27
4,44 -0,32
4,46 -0,04
4,46 -0,16
4,47 -0,31
4,48 -0,11
4,49 -0,03
4,50 -0,24
4,50 -0,05
4,50 -0,19
4,51 -0,04
4,51 -0,25
4,52 -0,07
4,52 -0,21
4,53 -0,06
4,53 -0,22
4,54 -0,23
4,55 -0,20
4,55 -0,17
4,56 -0,30
4,56 -0,25
4,56 -0,07
4,57 -0,29
4,57 -0,23
4,58 -0,12
4,61 -0,04
4,62 -0,13
4,63 -0,17
4,65 -0,30
4,65 -0,03
4,67 -0,20
4,67 -0,06
4,68 -0,06
4,68 -0,21
4,68 -0,24
4,68 -0,16
4,69 -0,30
4,69 -0,07
4,70 -0,22
4,72 -0,29
4,72 -0,11
4,72 -0,22
4,74 -0,08
4,75 -0,17
4,75 -0,23
4,75 -0,28
4,76 -0,12
4,78 -0,04
4,80 -0,06
4,82 -0,08
4,84 -0,27
4,84 -0,24
4,84 -0,21
4,84 -0,16
4,85 -0,07
4,85 -0,05
4,85 -0,03
4,85 -0,26
4,87 -0,12
4,87 -0,22
4,87 -0,17
4,87 -0,22
4,90 -0,08
4,91 -0,12
4,91 -0,23
4,91 -0,28
4,92 -0,24
4,94 -0,04
4,95 -0,05
4,96 -0,24
4,98 -0,27
4,98 -0,26
4,99 -0,03
4,99 -0,03
4,99 -0,15
5,00 -0,16
5,00 -0,06
5,01 -0,20
5,01 -0,07
5,01 -0,05
5,03 -0,22
5,04 -0,12
5,05 -0,07
5,06 -0,11
5,07 -0,29
5,07 -0,12
5,08 -0,23
5,08 -0,21
5,09 -0,29
5,10 -0,28
5,11 -0,04
5,11 -0,27
5,13 -0,15
5,15 -0,03
5,15 -0,03
5,15 -0,23
5,16 -0,06
5,17 -0,05
5,17 -0,06
5,17 -0,19
5,18 -0,20
5,18 -0,22
5,20 -0,12
5,20 -0,20
5,21 -0,16
5,21 -0,22
5,21 -0,28
5,22 -0,07
5,22 -0,11
5,24 -0,21
5,25 -0,27
5,27 -0,23
5,29 -0,04
5,30 -0,07
5,30 -0,15
5,31 -0,03
5,32 -0,26
5,32 -0,06
5,33 -0,05
5,33 -0,11
5,35 -0,22
5,36 -0,21
5,38 -0,20
5,38 -0,23
5,38 -0,04
5,38 -0,25
5,40 -0,21
5,40 -0,25
5,41 -0,12
5,41 -0,10
5,42 -0,15
5,42 -0,24
5,44 -0,03
5,44 -0,14
5,45 -0,12
5,46 -0,07
5,49 -0,06
5,49 -0,18
5,50 -0,05
5,50 -0,19
5,51 -0,24
5,51 -0,03
5,51 -0,22
5,52 -0,04
5,52 -0,11
5,52 -0,24
5,52 -0,23
5,53 -0,21
5,55 -0,10
5,57 -0,14
5,60 -0,11
5,61 -0,13
5,63 -0,03
5,64 -0,21
5,64 -0,12
5,64 -0,20
5,64 -0,10
5,65 -0,05
5,65 -0,06
5,65 -0,23
5,65 -0,06
5,66 -0,22
5,67 -0,03
5,67 -0,14
5,68 -0,19
5,69 -0,13
5,71 -0,11
5,71 -0,21
5,72 -0,07
5,74 -0,04
5,76 -0,13
5,76 -0,02
5,78 -0,21
5,78 -0,18
5,79 -0,03
5,79 -0,20
5,80 -0,11
5,80 -0,13
5,81 -0,06
5,81 -0,06
5,81 -0,05
5,82 -0,14
5,83 -0,03
5,84 -0,19
5,88 -0,11
5,88 -0,21
5,92 -0,04
5,92 -0,14
5,93 -0,22
5,94 -0,22
5,95 -0,21
5,95 -0,20
5,95 -0,11
5,95 -0,18
5,96 -0,10
5,96 -0,03
5,97 -0,06
5,97 -0,06
5,98 -0,05
5,98 -0,14
5,99 -0,02
6,00 -0,07
6,03 -0,19
6,03 -0,20
6,03 -0,18
6,04 -0,11
6,10 -0,04
6,10 -0,11
6,10 -0,20
6,12 -0,18
6,12 -0,14
6,13 -0,14
6,13 -0,03
6,13 -0,06
6,13 -0,06
6,14 -0,04
6,14 -0,02
6,18 -0,17
6,20 -0,19
6,21 -0,10
6,23 -0,11
6,24 -0,20
6,26 -0,07
6,27 -0,15
6,27 -0,18
6,28 -0,20
6,28 -0,05
6,29 -0,04
6,29 -0,14
6,30 -0,06
6,30 -0,03
6,31 -0,02
6,32 -0,06
6,33 -0,21
6,35 -0,19
6,35 -0,17
6,35 -0,10
6,35 -0,10
6,37 -0,07
6,40 -0,22
6,40 -0,07
6,42 -0,14
6,43 -0,21
6,43 -0,20
6,43 -0,17
6,44 -0,18
6,45 -0,04
6,45 -0,20
6,45 -0,14
6,45 -0,05
6,46 -0,08
6,46 -0,16
6,47 -0,03
6,47 -0,06
6,47 -0,02
6,48 -0,15
6,48 -0,10
6,48 -0,07
6,50 -0,21
6,52 -0,17
6,52 -0,10
6,53 -0,07
6,53 -0,21
6,56 -0,19
6,60 -0,05
6,60 -0,13
6,60 -0,20
6,60 -0,04
6,61 -0,14
6,61 -0,06
6,61 -0,18
6,62 -0,05
6,63 -0,03
6,63 -0,16
6,64 -0,02
6,65 -0,10
6,65 -0,18
6,68 -0,17
6,69 -0,09
6,70 -0,21
6,72 -0,20
6,72 -0,21
6,75 -0,19
6,75 -0,04
6,76 -0,13
6,76 -0,19
6,78 -0,04
6,78 -0,05
6,79 -0,03
6,81 -0,06
6,82 -0,10
6,83 -0,17
6,83 -0,17
6,83 -0,12
6,84 -0,09
6,87 -0,13
6,91 -0,19
6,92 -0,18
6,93 -0,03
6,93 -0,20
6,94 -0,04
6,94 -0,05
6,95 -0,06
6,95 -0,13
6,96 -0,02
6,99 -0,17
6,99 -0,06
6,99 -0,10
7,00 -0,09
7,00 -0,18
7,01 -0,20
7,02 -0,05
7,02 -0,20
7,02 -0,14
7,05 -0,14
7,06 -0,06
7,07 -0,04
7,08 -0,19
7,10 -0,03
7,12 -0,03
7,14 -0,08
7,14 -0,05
7,15 -0,17
7,15 -0,17
7,15 -0,05
7,15 -0,18
7,15 -0,09
7,16 -0,13
7,18 -0,10
7,20 -0,12
7,23 -0,02
7,23 -0,19
7,25 -0,04
7,27 -0,13
7,27 -0,16
7,29 -0,03
7,29 -0,06
7,30 -0,10
7,30 -0,17
7,31 -0,18
7,31 -0,17
7,31 -0,15
7,32 -0,05
7,33 -0,09
7,33 -0,04
7,33 -0,19
7,35 -0,14
7,36 -0,19
7,37 -0,12
7,38 -0,11
7,42 -0,03
7,43 -0,16
7,44 -0,02
7,45 -0,06
7,47 -0,18
7,47 -0,17
7,47 -0,18
7,48 -0,10
7,48 -0,09
7,48 -0,05
7,49 -0,04
7,52 -0,06
7,52 -0,12
7,55 -0,11
7,55 -0,15
7,58 -0,02
7,58 -0,03
7,60 -0,16
7,62 -0,06
7,62 -0,18
7,62 -0,14
7,62 -0,18
7,64 -0,04
7,64 -0,09
7,64 -0,09
7,64 -0,05
7,64 -0,17
7,67 -0,12
7,71 -0,15
7,71 -0,10
7,72 -0,19
7,73 -0,19
7,74 -0,02
7,74 -0,14
7,74 -0,05
7,75 -0,03
7,76 -0,11
7,76 -0,16
7,79 -0,17
7,79 -0,06
7,80 -0,09
7,81 -0,04
7,81 -0,14
7,81 -0,09
7,82 -0,18
7,82 -0,05
7,84 -0,11
7,87 -0,15
7,88 -0,06
7,89 -0,11
7,90 -0,03
7,90 -0,02
7,90 -0,16
7,90 -0,18
7,92 -0,13
7,92 -0,16
7,93 -0,17
7,94 -0,06
7,94 -0,13
7,95 -0,04
7,96 -0,14
7,96 -0,18
7,96 -0,09
7,96 -0,09
8,00 -0,10
8,00 -0,17
8,01 -0,12
8,01 -0,05
8,02 -0,06
8,03 -0,19
8,05 -0,20
8,05 -0,19
8,05 -0,03
8,05 -0,02
8,06 -0,11
8,07 -0,15
8,08 -0,16
8,10 -0,08
8,10 -0,02
8,10 -0,13
8,10 -0,06
8,13 -0,09
8,14 -0,10
8,14 -0,18
8,15 -0,10
8,16 -0,14
8,17 -0,04
8,17 -0,05
8,20 -0,03
8,22 -0,13
8,22 -0,02
8,23 -0,16
8,23 -0,17
8,24 -0,16
8,24 -0,19
8,25 -0,19
8,26 -0,15
8,26 -0,12
8,27 -0,20
8,27 -0,06
8,27 -0,09
8,27 -0,11
8,29 -0,13
8,29 -0,08
8,29 -0,08
8,32 -0,17
8,33 -0,18
8,33 -0,03
8,34 -0,02
8,34 -0,05
8,34 -0,14
8,36 -0,10
8,37 -0,12
8,37 -0,03
8,38 -0,15
8,39 -0,06
8,39 -0,02
8,39 -0,19
8,40 -0,16
8,41 -0,09
8,43 -0,15
8,43 -0,05
8,45 -0,11
8,46 -0,19
8,46 -0,08
8,47 -0,14
8,48 -0,13
8,49 -0,05
8,50 -0,11
8,51 -0,04
8,51 -0,07
8,53 -0,02
8,54 -0,03
8,54 -0,03
8,54 -0,10
8,54 -0,19
8,54 -0,19
8,55 -0,12
8,56 -0,16
8,58 -0,06
8,59 -0,15
8,60 -0,08
8,62 -0,12
8,63 -0,14
8,65 -0,13
8,65 -0,18
8,65 -0,14
8,66 -0,05
8,66 -0,06
8,67 -0,11
8,67 -0,05
8,68 -0,03
8,68 -0,10
8,70 -0,17
8,72 -0,16
8,72 -0,02
8,72 -0,07
8,74 -0,17
8,75 -0,15
8,76 -0,06
8,78 -0,13
8,79 -0,14
8,80 -0,13
8,80 -0,02
8,81 -0,08
8,81 -0,12
8,82 -0,05
8,82 -0,10
8,85 -0,16
8,86 -0,10
8,86 -0,03
8,87 -0,09
8,87 -0,02
8,88 -0,07
8,89 -0,06
8,90 -0,16
8,92 -0,06
8,92 -0,15
8,94 -0,12
8,95 -0,02
8,96 -0,05
8,97 -0,12
8,98 -0,08
9,00 -0,11
9,00 -0,14
9,00 -0,05
9,01 -0,16
9,03 -0,03
9,07 -0,13
9,08 -0,15
9,09 -0,08
9,09 -0,10
9,10 -0,03
9,11 -0,02
9,12 -0,04
9,12 -0,05
9,12 -0,08
9,12 -0,13
9,15 -0,16
9,15 -0,11
9,15 -0,12
9,15 -0,10
9,17 -0,05
9,17 -0,14
9,19 -0,07
9,19 -0,02
9,22 -0,16
9,22 -0,14
9,22 -0,03
9,24 -0,15
9,25 -0,06
9,26 -0,07
9,26 -0,02
9,28 -0,12
9,29 -0,12
9,31 -0,10
9,31 -0,04
9,32 -0,05
9,32 -0,11
9,33 -0,07
9,34 -0,13
9,35 -0,14
9,36 -0,02
9,39 -0,03
9,39 -0,14
9,41 -0,15
9,42 -0,08
9,43 -0,02
9,43 -0,08
9,44 -0,12
9,45 -0,11
9,46 -0,10
9,48 -0,05
9,48 -0,05
9,48 -0,16
9,49 -0,09
9,50 -0,16
9,52 -0,03
9,52 -0,14
9,55 -0,03
9,56 -0,14
9,56 -0,15
9,57 -0,08
9,57 -0,12
9,59 -0,02
9,61 -0,07
9,62 -0,11
9,62 -0,10
9,63 -0,06
9,64 -0,16
9,64 -0,14
9,64 -0,05
9,64 -0,08
9,64 -0,05
9,65 -0,09
9,65 -0,10
9,67 -0,13
9,68 -0,03
9,69 -0,16
9,71 -0,14
9,72 -0,12
9,72 -0,15
9,74 -0,08
9,75 -0,02
9,75 -0,02
9,75 -0,07
9,76 -0,04
9,77 -0,07
9,77 -0,11
9,78 -0,09
9,79 -0,05
9,80 -0,16
9,80 -0,05
9,81 -0,10
9,85 -0,17
9,85 -0,14
9,85 -0,13
9,86 -0,12
9,87 -0,14
9,88 -0,03
9,90 -0,08
9,91 -0,02
9,91 -0,01
9,91 -0,10
9,92 -0,04
9,94 -0,11
9,94 -0,17
9,97 -0,16
9,97 -0,04
9,98 -0,07
9,99 -0,05
9,99 -0,13
10,00 -0,06
10,02 -0,14
10,02 -0,08
10,04 -0,16
10,05 -0,03
10,06 -0,11
10,06 -0,10
10,07 -0,02
10,07 -0,01
10,07 -0,12
10,08 -0,11
10,09 -0,14
10,10 -0,15
10,10 -0,04
10,12 -0,16
10,14 -0,04
10,15 -0,07
10,16 -0,06
10,18 -0,05
10,18 -0,16
10,19 -0,13
10,20 -0,08
10,21 -0,01
10,21 -0,03
10,22 -0,09
10,22 -0,13
10,23 -0,02
10,23 -0,11
10,23 -0,10
10,25 -0,14
10,25 -0,12
10,26 -0,11
10,27 -0,15
10,27 -0,14
10,29 -0,04
10,30 -0,07
10,31 -0,15
10,34 -0,06
10,36 -0,13
10,36 -0,05
10,36 -0,04
10,37 -0,10
10,37 -0,03
10,39 -0,02
10,39 -0,11
10,41 -0,12
10,41 -0,09
10,42 -0,14
10,43 -0,12
10,44 -0,15
10,47 -0,15
10,48 -0,07
10,50 -0,06
10,52 -0,05
10,52 -0,03
10,52 -0,01
10,52 -0,05
10,52 -0,04
10,52 -0,02
10,55 -0,13
10,55 -0,09
10,56 -0,02
10,57 -0,12
10,57 -0,14
10,58 -0,09
10,58 -0,12
10,61 -0,11
10,61 -0,15
10,63 -0,15
10,64 -0,07
10,66 -0,06
10,68 -0,05
10,69 -0,04
10,70 -0,02
10,70 -0,13
10,71 -0,10
10,71 -0,08
10,73 -0,01
10,74 -0,14
10,74 -0,03
10,75 -0,09
10,75 -0,07
10,76 -0,10
10,78 -0,15
10,79 -0,01
10,80 -0,15
10,81 -0,05
10,82 -0,06
10,83 -0,13
10,84 -0,04
10,84 -0,08
10,85 -0,04
10,87 -0,03
10,88 -0,10
10,89 -0,03
10,89 -0,11
10,89 -0,06
10,89 -0,02
10,91 -0,14
10,92 -0,13
10,92 -0,01
10,94 -0,15
10,94 -0,12
10,95 -0,15
10,96 -0,09
10,98 -0,07
11,01 -0,04
11,01 -0,04
11,02 -0,06
11,04 -0,10
11,05 -0,02
11,05 -0,14
11,05 -0,03
11,06 -0,13
11,07 -0,13
11,08 -0,01
11,10 -0,12
11,10 -0,16
11,11 -0,11
11,12 -0,05
11,12 -0,15
11,17 -0,04
11,17 -0,14
11,17 -0,09
11,20 -0,10
11,20 -0,12
11,20 -0,04
11,21 -0,06
11,21 -0,06
11,21 -0,02
11,22 -0,14
11,22 -0,03
11,23 -0,13
11,24 -0,13
11,26 -0,05
11,26 -0,15
11,26 -0,11
11,27 -0,01
11,28 -0,05
11,33 -0,09
11,34 -0,10
11,35 -0,14
11,36 -0,10
11,36 -0,04
11,37 -0,03
11,37 -0,02
11,37 -0,06
11,38 -0,03
11,39 -0,13
11,41 -0,15
11,42 -0,13
11,45 -0,11
11,46 -0,16
11,46 -0,15
11,47 -0,05
11,48 -0,12
11,50 -0,04
11,50 -0,09
11,51 -0,03
11,51 -0,10
11,52 -0,01
11,52 -0,06
11,53 -0,04
11,54 -0,02
11,56 -0,14
11,56 -0,08
11,58 -0,13
11,60 -0,14
11,61 -0,05
11,61 -0,11
11,63 -0,12
11,66 -0,01
11,67 -0,09
11,68 -0,06
11,69 -0,02
11,70 -0,04
11,70 -0,03
11,70 -0,03
11,73 -0,14
11,73 -0,13
11,73 -0,10
11,76 -0,08
11,77 -0,11
11,77 -0,05
11,79 -0,14
11,85 -0,02
11,85 -0,04
11,85 -0,13
11,85 -0,01
11,86 -0,09
11,86 -0,03
11,87 -0,03
11,87 -0,06
11,90 -0,10
11,91 -0,08
11,91 -0,14
11,92 -0,11
11,93 -0,09
11,93 -0,01
11,95 -0,14
11,95 -0,05
11,98 -0,13
11,98 -0,06
11,98 -0,12
11,99 -0,12
12,01 -0,02
12,02 -0,04
12,02 -0,01
12,03 -0,09
12,03 -0,03
12,03 -0,15
12,04 -0,15
12,07 -0,06
12,07 -0,09
12,07 -0,10
12,08 -0,08
12,09 -0,03
12,09 -0,14
12,09 -0,05
12,14 -0,12
12,14 -0,11
12,14 -0,14
12,15 -0,13
12,15 -0,07
12,16 -0,01
12,17 -0,02
12,18 -0,03
12,18 -0,04
12,18 -0,09
12,19 -0,06
12,22 -0,06
12,23 -0,10
12,24 -0,14
12,24 -0,02
12,24 -0,08
12,26 -0,09
12,29 -0,11
12,30 -0,05
12,30 -0,05
12,31 -0,15
12,31 -0,07
12,31 -0,09
12,31 -0,12
12,33 -0,02
12,34 -0,03
12,34 -0,01
12,36 -0,12
12,36 -0,04
12,38 -0,09
12,40 -0,10
12,40 -0,16
12,41 -0,08
12,41 -0,02
12,41 -0,14
12,44 -0,11
12,45 -0,15
12,45 -0,05
12,46 -0,03
12,47 -0,07
12,47 -0,12
12,50 -0,01
12,51 -0,04
12,51 -0,04
12,53 -0,10
12,53 -0,10
12,56 -0,08
12,57 -0,14
12,57 -0,07
12,58 -0,09
12,61 -0,05
12,61 -0,04
12,61 -0,11
12,62 -0,02
12,62 -0,14
12,62 -0,06
12,63 -0,12
12,64 -0,12
12,65 -0,03
12,66 -0,01
12,66 -0,02
12,66 -0,13
12,67 -0,04
12,71 -0,09
12,72 -0,08
12,72 -0,07
12,76 -0,13
12,77 -0,11
12,77 -0,09
12,78 -0,06
12,79 -0,05
12,79 -0,12
12,80 -0,12
12,80 -0,07
12,81 -0,03
12,82 -0,02
12,82 -0,02
12,82 -0,01
12,82 -0,04
12,83 -0,13
12,88 -0,08
12,89 -0,10
12,89 -0,09
12,90 -0,06
12,91 -0,05
12,92 -0,12
12,93 -0,13
12,93 -0,04
12,94 -0,11
12,94 -0,14
12,94 -0,11
12,95 -0,07
12,97 -0,00
12,98 -0,03
12,98 -0,02
12,98 -0,01
12,99 -0,03
13,00 -0,04
13,03 -0,09
13,05 -0,10
13,05 -0,13
13,05 -0,08
13,08 -0,04
13,08 -0,13
13,10 -0,07
13,11 -0,11
13,13 -0,11
13,13 -0,03
13,13 -0,02
13,14 -0,01
13,15 -0,01
13,15 -0,03
13,16 -0,04
13,17 -0,14
13,18 -0,09
13,18 -0,12
13,20 -0,10
13,22 -0,13
13,25 -0,08
13,26 -0,07
13,27 -0,04
13,27 -0,11
13,28 -0,02
13,29 -0,13
13,30 -0,02
13,30 -0,01
13,31 -0,11
13,32 -0,04
13,32 -0,03
13,34 -0,12
13,35 -0,09
13,35 -0,10
13,40 -0,03
13,41 -0,07
13,42 -0,07
13,43 -0,08
13,44 -0,05
13,44 -0,10
13,44 -0,13
13,46 -0,05
13,46 -0,02
13,46 -0,01
13,47 -0,04
13,49 -0,03
13,51 -0,11
13,53 -0,07
13,54 -0,09
13,54 -0,10
13,55 -0,00
13,56 -0,13
13,57 -0,08
13,58 -0,12
13,58 -0,07
13,58 -0,02
13,58 -0,13
13,61 -0,10
13,62 -0,01
13,63 -0,04
13,64 -0,05
13,65 -0,03
13,67 -0,02
13,68 -0,09
13,69 -0,11
13,69 -0,10
13,71 -0,13
13,72 -0,14
13,72 -0,06
13,73 -0,07
13,73 -0,00
13,73 -0,15
13,74 -0,08
13,76 -0,05
13,78 -0,02
13,78 -0,07
13,79 -0,10
13,79 -0,01
13,79 -0,03
13,81 -0,04
13,84 -0,09
13,85 -0,08
13,86 -0,14
13,87 -0,00
13,88 -0,13
13,89 -0,11
13,90 -0,07
13,91 -0,02
13,91 -0,03
13,91 -0,06
13,92 -0,05
13,92 -0,13
13,94 -0,03
13,94 -0,10
13,97 -0,04
13,99 -0,07
13,99 -0,01
14,01 -0,09
14,01 -0,14
14,02 -0,12
14,04 -0,06
14,04 -0,13
14,06 -0,07
14,06 -0,01
14,08 -0,10
14,08 -0,07
14,09 -0,03
14,11 -0,02
14,12 -0,04
14,14 -0,08
14,14 -0,13
14,14 -0,01
14,15 -0,05
14,16 -0,09
14,17 -0,12
14,17 -0,10
14,19 -0,04
14,20 -0,00
14,20 -0,13
14,21 -0,11
14,23 -0,07
14,23 -0,07
14,26 -0,02
14,26 -0,03
14,27 -0,10
14,28 -0,14
14,28 -0,05
14,30 -0,09
14,30 -0,05
14,31 -0,01
14,32 -0,08
14,33 -0,04
14,34 -0,09
14,36 -0,01
14,37 -0,13
14,38 -0,10
14,38 -0,14
14,39 -0,07
14,42 -0,03
14,43 -0,02
14,45 -0,09
14,45 -0,10
14,46 -0,01
14,47 -0,08
14,49 -0,04
14,50 -0,11
14,50 -0,12
14,52 -0,00
14,54 -0,07
14,54 -0,12
14,58 -0,03
14,59 -0,02
14,59 -0,04
14,60 -0,06
14,61 -0,10
14,62 -0,08
14,63 -0,08
14,64 -0,01
14,65 -0,03
14,65 -0,09
14,65 -0,13
14,66 -0,12
14,68 -0,05
14,68 -0,11
14,68 -0,00
14,70 -0,11
14,72 -0,07
14,74 -0,02
14,78 -0,06
14,78 -0,01
14,78 -0,13
14,78 -0,11
14,79 -0,10
14,79 -0,04
14,80 -0,07
14,82 -0,08
14,83 -0,12
14,83 -0,03
14,84 -0,00
14,85 -0,09
14,88 -0,04
14,88 -0,09
14,90 -0,07
14,90 -0,02
14,90 -0,05
14,91 -0,12
14,93 -0,06
14,93 -0,10
14,94 -0,06
14,95 -0,01
14,99 -0,13
14,99 -0,09
14,99 -0,03
15,00 -0,00
15,01 -0,04
15,01 -0,08
15,01 -0,06
15,03 -0,11
15,05 -0,07
15,07 -0,02
15,08 -0,10
15,08 -0,13
15,09 -0,06
15,10 -0,05
15,11 -0,01
15,12 -0,08
15,13 -0,12
15,14 -0,07
15,15 -0,09
15,15 -0,03
15,16 -0,13
15,16 -0,04
15,17 -0,00
15,18 -0,10
15,19 -0,03
15,19 -0,11
15,19 -0,02
15,19 -0,06
15,20 -0,10
15,20 -0,07
15,20 -0,11
15,21 -0,05
15,22 -0,01
15,24 -0,03
